{"0.45866026480393085":{"user_id":2},"0.3276174189947416":{"user_id":2},"0.59842074481566":{"user_id":2},"0.09544485151077975":{"user_id":2},"0.5422219109989084":{"user_id":2}}